idTestCase,language,entropy,numFunctions,conditionalFor,conditionalIf,conditionalWhile,NLOC,avgCCN
1,c,4.69518,1,0,0,0,15,1
3,c,4.94072,1,0,0,0,8,1
4,c,4.89123,1,0,0,0,10,1
5,c,4.97277,1,0,0,0,11,1
6,c,5.21431,1,0,0,0,19,1
7,c,4.90191,2,0,0,0,7,1
8,c,5.17766,1,0,0,0,15,1
10,c,4.96671,1,0,0,0,7,1
11,c,4.75308,1,0,0,0,13,1
13,c,5.05088,1,0,0,0,6,1
14,c,5.08691,1,0,0,0,4,1
15,c,5.09381,1,0,0,0,5,1
16,cplusplus,5.00661,1,0,0,0,9,1
19,c,4.93791,1,0,0,0,8,1
20,c,4.78634,1,0,0,0,10,1
22,c,4.00428,0,0,0,0,6,0
35,c,4.70052,2,1,2,0,13,2.5
38,c,4.99388,1,0,0,0,14,3
39,c,5.33939,2,0,0,0,22,1
40,c,5.24607,1,0,1,0,14,2
54,c,4.87639,1,0,0,0,20,1
57,c,5.42269,1,0,0,0,11,1
58,java,5.19865,1,0,0,0,13,1
69,c,5.04081,1,0,1,0,13,2
71,java,4.77915,1,0,0,0,18,13
72,cplusplus,4.89468,1,2,1,0,25,4
73,c,4.40638,0,0,1,0,6,0
74,c,4.23395,1,0,0,0,4,1
75,c,4.8274,1,0,1,0,11,2
76,c,4.79077,2,1,0,0,11,1.5
77,c,4.5389,1,0,1,0,5,2
78,c,4.00888,1,0,1,0,5,2
79,c,4.75685,0,1,0,0,9,0
80,c,4.70587,1,0,0,0,11,1
81,c,4.78701,1,0,0,0,6,1
82,c,4.77344,1,0,0,0,6,1
88,c,4.97635,2,0,0,1,16,2
89,c,5.12784,2,0,1,1,21,2
91,c,5.09182,2,0,4,0,22,3
92,c,4.66961,2,0,1,0,16,1.5
93,c,4.88873,2,0,1,0,16,1.5
94,c,4.69019,1,0,0,0,8,1
95,c,5.13759,2,0,1,0,15,1.5
96,c,5.18679,2,0,1,0,15,1.5
97,c,4.94371,2,1,2,1,26,3
98,c,4.83503,2,0,2,0,22,2
99,c,4.84603,2,0,2,0,24,2
100,c,5.20941,2,0,1,0,23,1.5
101,c,5.24991,2,0,0,0,19,1
102,c,5.12882,2,0,4,0,25,3
103,c,5.08676,2,0,1,0,19,1.5
104,c,5.06497,2,0,2,0,21,2
105,c,5.14062,2,0,1,0,19,1.5
106,c,4.77651,2,0,0,0,15,1
107,c,5.17142,2,0,1,0,19,1.5
108,c,5.06533,2,0,1,0,34,1.5
109,c,5.10376,2,0,1,0,19,1.5
110,c,5.10985,2,0,1,0,19,1.5
111,c,5.11695,2,0,1,0,19,1.5
112,c,5.09927,2,0,2,0,22,2
113,c,4.88031,2,0,1,0,16,1.5
114,c,5.05579,2,0,1,0,16,1.5
115,c,4.56695,1,0,0,0,6,1
116,c,4.52113,1,0,0,0,6,1
117,c,4.48712,1,0,0,0,6,1
118,c,4.50548,1,0,0,0,6,1
119,c,4.55489,1,0,0,0,7,1
120,c,4.51255,1,0,0,0,7,1
121,c,4.48681,1,0,0,0,7,1
122,c,4.49685,1,0,0,0,7,1
123,c,4.62957,1,0,0,0,6,1
124,c,4.54582,1,0,0,0,6,1
125,c,4.52113,1,0,0,0,6,1
126,c,4.47104,1,0,0,0,6,1
127,c,4.47984,1,0,0,0,6,1
128,c,4.46642,1,0,0,0,6,1
129,c,4.43155,1,0,0,0,6,1
130,c,4.45013,1,0,0,0,6,1
131,c,4.60038,1,0,0,0,6,1
132,c,4.59873,1,0,0,0,6,1
133,c,4.56594,1,0,0,0,6,1
134,c,4.58394,1,0,0,0,6,1
135,c,4.86459,1,0,0,0,7,1
136,c,4.82776,1,0,0,0,7,1
137,c,4.80127,1,0,0,0,7,1
138,c,4.81506,1,0,0,0,7,1
139,c,4.55796,1,0,0,0,6,1
140,c,4.51219,1,0,0,0,6,1
141,c,4.479,1,0,0,0,6,1
142,c,4.49637,1,0,0,0,6,1
143,c,4.5406,1,0,0,0,6,1
144,c,4.52644,1,0,0,0,6,1
145,c,4.49513,1,0,0,0,6,1
146,c,4.51072,1,0,0,0,6,1
147,c,4.63088,1,0,0,0,6,1
148,c,4.58773,1,0,0,0,6,1
149,c,4.55712,1,0,0,0,6,1
150,c,4.57268,1,0,0,0,6,1
151,c,4.9223,1,0,0,0,10,1
152,c,4.89345,1,0,0,0,10,1
153,c,4.87872,1,0,0,0,10,1
154,c,4.8822,1,0,0,0,10,1
155,c,4.55121,1,0,0,0,6,1
156,c,4.50702,1,0,0,0,6,1
157,c,4.47802,1,0,0,0,6,1
158,c,4.49109,1,0,0,0,6,1
159,c,4.529,1,0,0,0,6,1
160,c,4.48357,1,0,0,0,6,1
161,c,4.45296,1,0,0,0,6,1
162,c,4.46736,1,0,0,0,6,1
163,c,5.13857,3,0,0,0,27,1
164,c,5.12529,3,0,0,0,27,1
165,c,5.11858,3,0,0,0,27,1
166,c,5.1213,3,0,0,0,27,1
167,c,4.65443,2,0,0,0,10,1
168,c,4.61682,2,0,0,0,10,1
169,c,4.59563,2,0,0,0,10,1
170,c,4.61219,2,0,0,0,10,1
171,c,4.57389,1,0,0,0,6,1
172,c,4.52918,1,0,0,0,6,1
173,c,4.49788,1,0,0,0,6,1
174,c,4.5135,1,0,0,0,6,1
175,c,4.59617,1,0,0,0,6,1
176,c,4.55265,1,0,0,0,6,1
177,c,4.52303,1,0,0,0,6,1
178,c,4.5372,1,0,0,0,6,1
179,c,4.59056,1,0,0,0,6,1
180,c,4.59207,1,0,0,0,6,1
181,c,4.56041,1,0,0,0,6,1
182,c,4.57713,1,0,0,0,6,1
183,c,4.72332,1,0,0,0,10,1
184,c,4.68655,1,0,0,0,10,1
185,c,4.66503,1,0,0,0,10,1
186,c,4.67277,1,0,0,0,10,1
187,c,4.73704,1,0,0,0,11,1
188,c,4.70585,1,0,0,0,11,1
189,c,4.68378,1,0,0,0,11,1
190,c,4.70365,1,0,0,0,11,1
191,c,4.74785,1,0,0,0,11,1
192,c,4.7168,1,0,0,0,11,1
193,c,4.69473,1,0,0,0,11,1
194,c,4.71218,1,0,0,0,11,1
195,c,4.7223,1,0,0,0,11,1
196,c,4.68737,1,0,0,0,11,1
197,c,4.66837,1,0,0,0,11,1
198,c,4.67396,1,0,0,0,11,1
199,c,4.7223,1,0,0,0,11,1
200,c,4.68737,1,0,0,0,11,1
201,c,4.66837,1,0,0,0,11,1
202,c,4.67396,1,0,0,0,11,1
203,c,4.72555,1,0,0,0,12,1
204,c,4.69348,1,0,0,0,12,1
205,c,4.67764,1,0,0,0,12,1
206,c,4.68083,1,0,0,0,12,1
207,c,4.72555,1,0,0,0,12,1
208,c,4.69348,1,0,0,0,12,1
209,c,4.67764,1,0,0,0,12,1
210,c,4.68083,1,0,0,0,12,1
211,c,4.69147,1,0,0,0,11,1
212,c,4.65546,1,0,0,0,11,1
213,c,4.63564,1,0,0,0,11,1
214,c,4.64168,1,0,0,0,11,1
215,c,4.69147,1,0,0,0,11,1
216,c,4.65546,1,0,0,0,11,1
217,c,4.63564,1,0,0,0,11,1
218,c,4.64168,1,0,0,0,11,1
219,c,4.74512,1,0,0,0,10,1
220,c,4.73767,1,0,0,0,10,1
221,c,4.71931,1,0,0,0,10,1
222,c,4.72473,1,0,0,0,10,1
223,c,4.75182,1,0,0,0,11,1
224,c,4.74617,1,0,0,0,11,1
225,c,4.72696,1,0,0,0,11,1
226,c,4.74329,1,0,0,0,11,1
227,c,4.76123,1,0,0,0,11,1
228,c,4.75569,1,0,0,0,11,1
229,c,4.73649,1,0,0,0,11,1
230,c,4.7507,1,0,0,0,11,1
231,c,4.75453,1,0,0,0,11,1
232,c,4.74611,1,0,0,0,11,1
233,c,4.72961,1,0,0,0,11,1
234,c,4.7336,1,0,0,0,11,1
235,c,4.75453,1,0,0,0,11,1
236,c,4.74611,1,0,0,0,11,1
237,c,4.72961,1,0,0,0,11,1
238,c,4.7336,1,0,0,0,11,1
239,c,4.74739,1,0,0,0,11,1
240,c,4.73922,1,0,0,0,11,1
241,c,4.72211,1,0,0,0,11,1
242,c,4.72654,1,0,0,0,11,1
243,c,4.74739,1,0,0,0,11,1
244,c,4.73922,1,0,0,0,11,1
245,c,4.72211,1,0,0,0,11,1
246,c,4.72654,1,0,0,0,11,1
247,c,4.5894,1,0,0,0,6,1
248,c,4.54464,1,0,0,0,6,1
249,c,4.51223,1,0,0,0,6,1
250,c,4.52918,1,0,0,0,6,1
251,c,4.4042,1,0,0,0,8,1
252,c,4.35764,1,0,0,0,8,1
253,c,4.32981,1,0,0,0,8,1
254,c,4.34022,1,0,0,0,8,1
255,c,4.44966,1,0,0,0,8,1
256,c,4.3775,1,0,0,0,8,1
257,c,4.39602,1,0,0,0,8,1
258,c,4.39602,1,0,0,0,8,1
259,c,4.46361,1,0,0,0,8,1
260,c,4.39796,1,0,0,0,8,1
261,c,4.34027,1,0,0,0,8,1
262,c,4.36167,1,0,0,0,8,1
263,c,4.55628,2,0,0,0,10,1
264,c,4.51782,2,0,0,0,10,1
265,c,4.49741,2,0,0,0,10,1
266,c,4.5171,2,0,0,0,10,1
267,c,4.6194,1,0,0,0,8,1
268,c,4.60292,1,0,0,0,8,1
269,c,4.57676,1,0,0,0,8,1
270,c,4.58874,1,0,0,0,8,1
271,c,4.43583,1,0,0,0,8,1
272,c,4.3956,1,0,0,0,8,1
273,c,4.36469,1,0,0,0,8,1
274,c,4.37873,1,0,0,0,8,1
275,c,4.46817,1,0,0,0,8,1
276,c,4.39711,1,0,0,0,8,1
277,c,4.41529,1,0,0,0,8,1
278,c,4.41529,1,0,0,0,8,1
279,c,4.50771,1,0,0,0,8,1
280,c,4.4522,1,0,0,0,8,1
281,c,4.39425,1,0,0,0,8,1
282,c,4.41363,1,0,0,0,8,1
283,c,4.57538,2,0,0,0,10,1
284,c,4.53818,2,0,0,0,10,1
285,c,4.51892,2,0,0,0,10,1
286,c,4.53706,2,0,0,0,10,1
287,c,4.51144,1,0,0,0,8,1
288,c,4.49335,1,0,0,0,8,1
289,c,4.46757,1,0,0,0,8,1
290,c,4.47843,1,0,0,0,8,1
291,c,0.282259,1,0,0,0,7,1
292,c,4.66929,1,0,0,0,7,1
293,c,4.76491,1,0,0,0,7,1
294,c,4.77561,1,0,0,0,7,1
295,c,4.82635,1,0,0,0,10,1
296,c,4.77458,1,0,0,0,10,1
297,c,4.72859,1,0,0,0,10,1
298,c,4.73844,1,0,0,0,10,1
299,c,4.82631,1,0,0,0,10,1
300,c,4.76992,1,0,0,0,10,1
301,c,4.71314,1,0,0,0,10,1
302,c,4.72959,1,0,0,0,10,1
303,c,4.81959,1,0,0,0,12,1
304,c,4.76225,1,0,0,0,12,1
305,c,4.71321,1,0,0,0,12,1
306,c,4.72742,1,0,0,0,12,1
307,c,4.77981,1,0,0,0,12,1
308,c,4.73496,1,0,0,0,12,1
309,c,4.7065,1,0,0,0,12,1
310,c,4.70466,1,0,0,0,12,1
311,c,4.7736,1,0,0,0,12,1
312,c,4.71071,1,0,0,0,12,1
313,c,4.65709,1,0,0,0,12,1
314,c,4.65274,1,0,0,0,12,1
315,c,4.81873,2,0,0,0,14,1
316,c,4.7618,2,0,0,0,14,1
317,c,4.7081,2,0,0,0,14,1
318,c,4.73115,2,0,0,0,14,1
319,c,4.87609,1,0,0,0,12,1
320,c,4.83014,1,0,0,0,12,1
321,c,4.78755,1,0,0,0,12,1
322,c,4.79102,1,0,0,0,12,1
323,c,4.57564,1,0,0,0,8,1
324,c,4.53631,1,0,0,0,8,1
325,c,4.51444,1,0,0,0,8,1
326,c,4.52128,1,0,0,0,8,1
327,c,4.65443,2,0,0,0,10,1
328,c,4.61682,2,0,0,0,10,1
329,c,4.59563,2,0,0,0,10,1
330,c,4.61219,2,0,0,0,10,1
331,c,4.53304,1,0,0,0,10,1
332,c,4.49905,1,0,0,0,10,1
333,c,4.48348,1,0,0,0,10,1
334,c,4.49452,1,0,0,0,10,1
335,c,4.64939,3,0,0,0,14,1
336,c,4.61691,3,0,0,0,14,1
337,c,4.60152,3,0,0,0,14,1
338,c,4.61095,3,0,0,0,14,1
339,c,4.32079,1,0,0,0,10,1
340,c,4.27588,1,0,0,0,10,1
341,c,4.25233,1,0,0,0,10,1
342,c,4.25837,1,0,0,0,10,1
343,c,4.24984,1,0,0,0,12,1
344,c,4.20684,1,0,0,0,12,1
345,c,4.18643,1,0,0,0,12,1
346,c,4.18962,1,0,0,0,12,1
347,c,4.38202,1,0,1,0,11,2
348,c,4.33976,1,0,1,0,11,2
349,c,4.31807,1,0,1,0,11,2
350,c,4.3292,1,0,1,0,11,2
351,c,4.30453,1,0,0,0,15,2
352,c,4.26875,1,0,0,0,15,2
353,c,4.25377,1,0,0,0,15,2
354,c,4.26083,1,0,0,0,15,2
355,c,4.45263,1,0,0,0,8,2
356,c,4.41429,1,0,0,0,8,2
357,c,4.38679,1,0,0,0,8,2
358,c,4.40446,1,0,0,0,8,2
359,c,4.60558,1,0,0,0,9,1
360,c,4.56963,1,0,0,0,9,1
361,c,4.54166,1,0,0,0,9,1
362,c,4.56546,1,0,0,0,9,1
363,c,4.80936,1,0,1,0,13,2
364,c,4.78354,1,0,1,0,13,2
365,c,4.7636,1,0,1,0,13,2
366,c,4.77576,1,0,1,0,13,2
367,c,4.64517,2,0,0,0,12,1
368,c,4.61169,2,0,0,0,12,1
369,c,4.59539,2,0,0,0,12,1
370,c,4.60584,2,0,0,0,12,1
371,c,4.55885,2,0,1,0,14,1.5
372,c,4.53017,2,0,1,0,14,1.5
373,c,4.51441,2,0,1,0,14,1.5
374,c,4.52677,2,0,1,0,14,1.5
375,c,4.51727,1,0,1,0,10,2
376,c,4.46324,1,0,1,0,10,2
377,c,4.42589,1,0,1,0,10,2
378,c,4.44776,1,0,1,0,10,2
379,c,4.46201,1,0,0,0,13,2
380,c,4.41082,1,0,0,0,13,2
381,c,4.38292,1,0,0,0,13,2
382,c,4.39874,1,0,0,0,13,2
383,c,4.57674,1,0,0,0,8,2
384,c,4.52434,1,0,0,0,8,2
385,c,4.48612,1,0,0,0,8,2
386,c,4.51001,1,0,0,0,8,2
387,c,4.44128,1,0,1,0,14,2
388,c,4.40761,1,0,1,0,14,2
389,c,4.38758,1,0,1,0,14,2
390,c,4.40288,1,0,1,0,14,2
391,c,4.6755,1,0,2,0,18,3
392,c,4.65087,1,0,2,0,18,3
393,c,4.63497,1,0,2,0,18,3
394,c,4.6448,1,0,2,0,18,3
395,c,4.44763,2,0,0,0,14,1
396,c,4.41225,2,0,0,0,14,1
397,c,4.39632,2,0,0,0,14,1
398,c,4.40518,2,0,0,0,14,1
399,c,4.38648,2,0,1,0,21,1.5
400,c,4.36027,2,0,1,0,21,1.5
401,c,4.34811,2,0,1,0,21,1.5
402,c,4.35561,2,0,1,0,21,1.5
403,c,4.66142,1,1,0,0,10,2
404,c,4.61458,1,1,0,0,10,2
405,c,4.58619,1,1,0,0,10,2
406,c,4.59257,1,1,0,0,10,2
407,c,4.64002,1,0,0,1,13,2
408,c,4.59383,1,0,0,1,13,2
409,c,4.56759,1,0,0,1,13,2
410,c,4.57203,1,0,0,1,13,2
411,c,4.64749,1,0,0,1,12,2
412,c,4.60098,1,0,0,1,12,2
413,c,4.57386,1,0,0,1,12,2
414,c,4.57906,1,0,0,1,12,2
415,c,4.62274,1,1,0,0,11,2
416,c,4.57543,1,1,0,0,11,2
417,c,4.54784,1,1,0,0,11,2
418,c,4.55312,1,1,0,0,11,2
419,c,4.63844,1,1,1,0,11,3
420,c,4.59239,1,1,1,0,11,3
421,c,4.56643,1,1,1,0,11,3
422,c,4.57064,1,1,1,0,11,3
423,c,4.61039,1,1,0,0,11,2
424,c,4.56288,1,1,0,0,11,2
425,c,4.53545,1,1,0,0,11,2
426,c,4.54046,1,1,0,0,11,2
427,c,4.55183,1,1,1,0,13,3
428,c,4.50494,1,1,1,0,13,3
429,c,4.48042,1,1,1,0,13,3
430,c,4.48267,1,1,1,0,13,3
431,c,4.72943,1,0,0,1,12,3
432,c,4.68532,1,0,0,1,12,3
433,c,4.65936,1,0,0,1,12,3
434,c,4.66458,1,0,0,1,12,3
435,c,4.62533,1,0,1,1,14,3
436,c,4.58026,1,0,1,1,14,3
437,c,4.55622,1,0,1,1,14,3
438,c,4.56512,1,0,1,1,14,3
439,c,4.67647,1,0,1,1,13,3
440,c,4.63194,1,0,1,1,13,3
441,c,4.60717,1,0,1,1,13,3
442,c,4.6109,1,0,1,1,13,3
443,c,4.6318,1,0,1,1,13,3
444,c,4.58636,1,0,1,1,13,3
445,c,4.56159,1,0,1,1,13,3
446,c,4.57127,1,0,1,1,13,3
447,c,4.73631,1,0,0,1,11,3
448,c,4.69193,1,0,0,1,11,3
449,c,4.66511,1,0,0,1,11,3
450,c,4.67109,1,0,0,1,11,3
451,c,4.68289,1,0,1,1,12,3
452,c,4.63802,1,0,1,1,12,3
453,c,4.61247,1,0,1,1,12,3
454,c,4.61686,1,0,1,1,12,3
455,c,4.62856,1,1,0,0,12,2
456,c,4.58469,1,1,0,0,12,2
457,c,4.56222,1,1,0,0,12,2
458,c,4.56387,1,1,0,0,12,2
459,c,4.60884,1,0,0,1,15,2
460,c,4.56574,1,0,0,1,15,2
461,c,4.54463,1,0,0,1,15,2
462,c,4.54522,1,0,0,1,15,2
463,c,4.61075,1,0,0,1,14,2
464,c,4.56721,1,0,0,1,14,2
465,c,4.54554,1,0,0,1,14,2
466,c,4.5465,1,0,0,1,14,2
467,c,4.59889,1,1,0,0,13,2
468,c,4.55489,1,1,0,0,13,2
469,c,4.53293,1,1,0,0,13,2
470,c,4.53396,1,1,0,0,13,2
471,c,4.61502,1,1,1,0,13,3
472,c,4.57218,1,1,1,0,13,3
473,c,4.55126,1,1,1,0,13,3
474,c,4.55179,1,1,1,0,13,3
475,c,4.58935,1,1,0,0,13,2
476,c,4.54526,1,1,0,0,13,2
477,c,4.52339,1,1,0,0,13,2
478,c,4.52428,1,1,0,0,13,2
479,c,4.54737,1,1,1,0,15,3
480,c,4.50427,1,1,1,0,15,3
481,c,4.48429,1,1,1,0,15,3
482,c,4.48369,1,1,1,0,15,3
483,c,4.68886,1,0,0,1,14,3
484,c,4.6473,1,0,0,1,14,3
485,c,4.62637,1,0,0,1,14,3
486,c,4.62756,1,0,0,1,14,3
487,c,4.60371,1,0,1,1,16,3
488,c,4.56185,1,0,1,1,16,3
489,c,4.54219,1,0,1,1,16,3
490,c,4.54696,1,0,1,1,16,3
491,c,4.64184,1,0,1,1,15,3
492,c,4.60014,1,0,1,1,15,3
493,c,4.58,1,0,1,1,15,3
494,c,4.5803,1,0,1,1,15,3
495,c,4.60548,1,0,1,1,15,3
496,c,4.56318,1,0,1,1,15,3
497,c,4.54304,1,0,1,1,15,3
498,c,4.54823,1,0,1,1,15,3
499,c,4.69065,1,0,0,1,13,3
500,c,4.64868,1,0,0,1,13,3
501,c,4.6272,1,0,0,1,13,3
502,c,4.62877,1,0,0,1,13,3
503,c,4.64336,1,0,1,1,14,3
504,c,4.60124,1,0,1,1,14,3
505,c,4.58058,1,0,1,1,14,3
506,c,4.5812,1,0,1,1,14,3
507,c,4.66009,1,1,0,0,12,2
508,c,4.61682,1,1,0,0,12,2
509,c,4.59434,1,1,0,0,12,2
510,c,4.59629,1,1,0,0,12,2
511,c,4.64117,1,0,0,1,15,2
512,c,4.59864,1,0,0,1,15,2
513,c,4.57753,1,0,0,1,15,2
514,c,4.57841,1,0,0,1,15,2
515,c,4.64394,1,0,0,1,14,2
516,c,4.60099,1,0,0,1,14,2
517,c,4.57932,1,0,0,1,14,2
518,c,4.58058,1,0,0,1,14,2
519,c,4.62973,1,1,0,0,13,2
520,c,4.58629,1,1,0,0,13,2
521,c,4.56432,1,1,0,0,13,2
522,c,4.56564,1,1,0,0,13,2
523,c,4.64708,1,1,1,0,13,3
524,c,4.6048,1,1,1,0,13,3
525,c,4.58387,1,1,1,0,13,3
526,c,4.58469,1,1,1,0,13,3
527,c,4.62005,1,1,0,0,13,2
528,c,4.57651,1,1,0,0,13,2
529,c,4.55464,1,1,0,0,13,2
530,c,4.55581,1,1,0,0,13,2
531,c,4.57801,1,1,1,0,15,3
532,c,4.53541,1,1,1,0,15,3
533,c,4.51543,1,1,1,0,15,3
534,c,4.51509,1,1,1,0,15,3
535,c,4.72092,1,0,0,1,14,3
536,c,4.67991,1,0,0,1,14,3
537,c,4.65899,1,0,0,1,14,3
538,c,4.66046,1,0,0,1,14,3
539,c,4.63605,1,0,1,1,16,3
540,c,4.5947,1,0,1,1,16,3
541,c,4.57505,1,0,1,1,16,3
542,c,4.58009,1,0,1,1,16,3
543,c,4.67496,1,0,1,1,15,3
544,c,4.63382,1,0,1,1,15,3
545,c,4.61368,1,0,1,1,15,3
546,c,4.61425,1,0,1,1,15,3
547,c,4.6386,1,0,1,1,15,3
548,c,4.59686,1,0,1,1,15,3
549,c,4.57671,1,0,1,1,15,3
550,c,4.58219,1,0,1,1,15,3
551,c,4.72355,1,0,0,1,13,3
552,c,4.68217,1,0,0,1,13,3
553,c,4.66069,1,0,0,1,13,3
554,c,4.66255,1,0,0,1,13,3
555,c,4.67731,1,0,1,1,14,3
556,c,4.63578,1,0,1,1,14,3
557,c,4.61512,1,0,1,1,14,3
558,c,4.61603,1,0,1,1,14,3
559,c,4.66506,1,1,0,0,12,2
560,c,4.60283,1,1,0,0,12,2
561,c,4.57258,1,1,0,0,12,2
562,c,4.57993,1,1,0,0,12,2
563,c,4.64707,1,0,0,1,15,2
564,c,4.58505,1,0,0,1,15,2
565,c,4.55655,1,0,0,1,15,2
566,c,4.56174,1,0,0,1,15,2
567,c,4.64897,1,0,0,1,14,2
568,c,4.58665,1,0,0,1,14,2
569,c,4.55742,1,0,0,1,14,2
570,c,4.56339,1,0,0,1,14,2
571,c,4.63614,1,1,0,0,13,2
572,c,4.5732,1,1,0,0,13,2
573,c,4.5436,1,1,0,0,13,2
574,c,4.54973,1,1,0,0,13,2
575,c,4.65086,1,1,1,0,13,3
576,c,4.58909,1,1,1,0,13,3
577,c,4.56083,1,1,1,0,13,3
578,c,4.56584,1,1,1,0,13,3
579,c,4.62668,1,1,0,0,13,2
580,c,4.56348,1,1,0,0,13,2
581,c,4.534,1,1,0,0,13,2
582,c,4.53983,1,1,0,0,13,2
583,c,4.58513,1,1,1,0,15,3
584,c,4.522,1,1,1,0,15,3
585,c,4.49495,1,1,1,0,15,3
586,c,4.49768,1,1,1,0,15,3
587,c,4.71717,1,0,0,1,14,3
588,c,4.65758,1,0,0,1,14,3
589,c,4.62931,1,0,0,1,14,3
590,c,4.63547,1,0,0,1,14,3
591,c,4.63761,1,0,1,1,16,3
592,c,4.57639,1,0,1,1,16,3
593,c,4.54976,1,0,1,1,16,3
594,c,4.55839,1,0,1,1,16,3
595,c,4.67675,1,0,1,1,15,3
596,c,4.61637,1,0,1,1,15,3
597,c,4.58911,1,0,1,1,15,3
598,c,4.59355,1,0,1,1,15,3
599,c,4.63925,1,0,1,1,15,3
600,c,4.57768,1,0,1,1,15,3
601,c,4.55042,1,0,1,1,15,3
602,c,4.55981,1,0,1,1,15,3
603,c,4.71881,1,0,0,1,13,3
604,c,4.65895,1,0,0,1,13,3
605,c,4.62998,1,0,0,1,13,3
606,c,4.63692,1,0,0,1,13,3
607,c,4.67824,1,0,1,1,14,3
608,c,4.61754,1,0,1,1,14,3
609,c,4.58962,1,0,1,1,14,3
610,c,4.59476,1,0,1,1,14,3
611,c,4.60136,1,1,0,0,14,2
612,c,4.5605,1,1,0,0,14,2
613,c,4.5419,1,1,0,0,14,2
614,c,4.54098,1,1,0,0,14,2
615,c,4.58604,1,0,0,1,17,2
616,c,4.54594,1,0,0,1,17,2
617,c,4.52829,1,0,0,1,17,2
618,c,4.52677,1,0,0,1,17,2
619,c,4.58494,1,0,0,1,16,2
620,c,4.5444,1,0,0,1,16,2
621,c,4.52635,1,0,0,1,16,2
622,c,4.52502,1,0,0,1,16,2
623,c,4.57746,1,1,0,0,15,2
624,c,4.5366,1,1,0,0,15,2
625,c,4.51835,1,1,0,0,15,2
626,c,4.51706,1,1,0,0,15,2
627,c,4.59614,1,1,1,0,15,3
628,c,4.55633,1,1,1,0,15,3
629,c,4.5388,1,1,1,0,15,3
630,c,4.53729,1,1,1,0,15,3
631,c,4.56972,1,1,0,0,15,2
632,c,4.52881,1,1,0,0,15,2
633,c,4.51063,1,1,0,0,15,2
634,c,4.50925,1,1,0,0,15,2
635,c,4.54093,1,1,1,0,17,3
636,c,4.5011,1,1,1,0,17,3
637,c,4.48424,1,1,1,0,17,3
638,c,4.48201,1,1,1,0,17,3
639,c,4.65855,1,0,0,1,16,3
640,c,4.61964,1,0,0,1,16,3
641,c,4.60212,1,0,0,1,16,3
642,c,4.60107,1,0,0,1,16,3
643,c,4.58848,1,0,1,1,18,3
644,c,4.54958,1,0,1,1,18,3
645,c,4.53295,1,0,1,1,18,3
646,c,4.53525,1,0,1,1,18,3
647,c,4.61845,1,0,1,1,17,3
648,c,4.57956,1,0,1,1,17,3
649,c,4.56258,1,0,1,1,17,3
650,c,4.56096,1,0,1,1,17,3
651,c,4.5876,1,0,1,1,17,3
652,c,4.54829,1,0,1,1,17,3
653,c,4.53131,1,0,1,1,17,3
654,c,4.53385,1,0,1,1,17,3
655,c,4.65751,1,0,0,1,15,3
656,c,4.61819,1,0,0,1,15,3
657,c,4.60027,1,0,0,1,15,3
658,c,4.59942,1,0,0,1,15,3
659,c,4.61728,1,0,1,1,16,3
660,c,4.57798,1,0,1,1,16,3
661,c,4.56064,1,0,1,1,16,3
662,c,4.55919,1,0,1,1,16,3
663,c,4.61506,1,1,0,0,14,2
664,c,4.55413,1,1,0,0,14,2
665,c,4.52887,1,1,0,0,14,2
666,c,4.53044,1,1,0,0,14,2
667,c,4.60045,1,0,0,1,17,2
668,c,4.54011,1,0,0,1,17,2
669,c,4.51608,1,0,0,1,17,2
670,c,4.51636,1,0,0,1,17,2
671,c,4.59916,1,0,0,1,16,2
672,c,4.53834,1,0,0,1,16,2
673,c,4.5138,1,0,0,1,16,2
674,c,4.5145,1,0,0,1,16,2
675,c,4.59189,1,1,0,0,15,2
676,c,4.53064,1,1,0,0,15,2
677,c,4.50583,1,1,0,0,15,2
678,c,4.50665,1,1,0,0,15,2
679,c,4.60813,1,1,1,0,15,3
680,c,4.54814,1,1,1,0,15,3
681,c,4.52427,1,1,1,0,15,3
682,c,4.52453,1,1,1,0,15,3
683,c,4.58423,1,1,0,0,15,2
684,c,4.52284,1,1,0,0,15,2
685,c,4.49812,1,1,0,0,15,2
686,c,4.49875,1,1,0,0,15,2
687,c,4.55473,1,1,1,0,17,3
688,c,4.4941,1,1,1,0,17,3
689,c,4.47111,1,1,1,0,17,3
690,c,4.4699,1,1,1,0,17,3
691,c,4.66485,1,0,0,1,16,3
692,c,4.60643,1,0,0,1,16,3
693,c,4.58256,1,0,0,1,16,3
694,c,4.58364,1,0,0,1,16,3
695,c,4.5983,1,0,1,1,18,3
696,c,4.53911,1,0,1,1,18,3
697,c,4.51643,1,0,1,1,18,3
698,c,4.52021,1,0,1,1,18,3
699,c,4.62932,1,0,1,1,17,3
700,c,4.57054,1,0,1,1,17,3
701,c,4.54739,1,0,1,1,17,3
702,c,4.54735,1,0,1,1,17,3
703,c,4.59712,1,0,1,1,17,3
704,c,4.53747,1,0,1,1,17,3
705,c,4.51433,1,0,1,1,17,3
706,c,4.51855,1,0,1,1,17,3
707,c,4.6635,1,0,0,1,15,3
708,c,4.60464,1,0,0,1,15,3
709,c,4.58027,1,0,0,1,15,3
710,c,4.58177,1,0,0,1,15,3
711,c,4.62792,1,0,1,1,16,3
712,c,4.56868,1,0,1,1,16,3
713,c,4.54506,1,0,1,1,16,3
714,c,4.5454,1,0,1,1,16,3
715,c,4.65193,1,1,0,0,14,2
716,c,4.59208,1,1,0,0,14,2
717,c,4.56681,1,1,0,0,14,2
718,c,4.56895,1,1,0,0,14,2
719,c,4.63683,1,0,0,1,17,2
720,c,4.5775,1,0,0,1,17,2
721,c,4.55347,1,0,0,1,17,2
722,c,4.55428,1,0,0,1,17,2
723,c,4.63629,1,0,0,1,16,2
724,c,4.57653,1,0,0,1,16,2
725,c,4.55199,1,0,0,1,16,2
726,c,4.55324,1,0,0,1,16,2
727,c,4.62811,1,1,0,0,15,2
728,c,4.56791,1,1,0,0,15,2
729,c,4.5431,1,1,0,0,15,2
730,c,4.54446,1,1,0,0,15,2
731,c,4.64426,1,1,1,0,15,3
732,c,4.58527,1,1,1,0,15,3
733,c,4.56141,1,1,1,0,15,3
734,c,4.56218,1,1,1,0,15,3
735,c,4.62032,1,1,0,0,15,2
736,c,4.55997,1,1,0,0,15,2
737,c,4.53525,1,1,0,0,15,2
738,c,4.53642,1,1,0,0,15,2
739,c,4.58957,1,1,1,0,17,3
740,c,4.52987,1,1,1,0,17,3
741,c,4.50688,1,1,1,0,17,3
742,c,4.50616,1,1,1,0,17,3
743,c,4.70098,1,0,0,1,16,3
744,c,4.64356,1,0,0,1,16,3
745,c,4.6197,1,0,0,1,16,3
746,c,4.62129,1,0,0,1,16,3
747,c,4.63379,1,0,1,1,18,3
748,c,4.57554,1,0,1,1,18,3
749,c,4.55285,1,0,1,1,18,3
750,c,4.55712,1,0,1,1,18,3
751,c,4.66551,1,0,1,1,17,3
752,c,4.6077,1,0,1,1,17,3
753,c,4.58455,1,0,1,1,17,3
754,c,4.58502,1,0,1,1,17,3
755,c,4.6333,1,0,1,1,17,3
756,c,4.57463,1,0,1,1,17,3
757,c,4.55149,1,0,1,1,17,3
758,c,4.55621,1,0,1,1,17,3
759,c,4.70038,1,0,0,1,15,3
760,c,4.64256,1,0,0,1,15,3
761,c,4.61819,1,0,0,1,15,3
762,c,4.62024,1,0,0,1,15,3
763,c,4.66483,1,0,1,1,16,3
764,c,4.6066,1,0,1,1,16,3
765,c,4.58299,1,0,1,1,16,3
766,c,4.58385,1,0,1,1,16,3
767,c,4.59467,1,1,0,0,16,2
768,c,4.53638,1,1,0,0,16,2
769,c,4.51469,1,1,0,0,16,2
770,c,4.51303,1,1,0,0,16,2
771,c,4.58285,1,0,0,1,19,2
772,c,4.52526,1,0,0,1,19,2
773,c,4.50448,1,0,0,1,19,2
774,c,4.50201,1,0,0,1,19,2
775,c,4.57999,1,0,0,1,18,2
776,c,4.52191,1,0,0,1,18,2
777,c,4.50075,1,0,0,1,18,2
778,c,4.49851,1,0,0,1,18,2
779,c,4.57516,1,1,0,0,17,2
780,c,4.51674,1,1,0,0,17,2
781,c,4.49539,1,1,0,0,17,2
782,c,4.49323,1,1,0,0,17,2
783,c,4.59265,1,1,1,0,17,3
784,c,4.53544,1,1,1,0,17,3
785,c,4.51479,1,1,1,0,17,3
786,c,4.51235,1,1,1,0,17,3
787,c,4.5687,1,1,0,0,17,2
788,c,4.5102,1,1,0,0,17,2
789,c,4.48891,1,1,0,0,17,2
790,c,4.48662,1,1,0,0,17,2
791,c,4.54736,1,1,1,0,19,3
792,c,4.48985,1,1,1,0,19,3
793,c,4.46986,1,1,1,0,19,3
794,c,4.46641,1,1,1,0,19,3
795,c,4.64231,1,0,0,1,18,3
796,c,4.58628,1,0,0,1,18,3
797,c,4.56563,1,0,0,1,18,3
798,c,4.56381,1,0,0,1,18,3
799,c,4.58543,1,0,1,1,20,3
800,c,4.52907,1,0,1,1,20,3
801,c,4.50931,1,0,1,1,20,3
802,c,4.5102,1,0,1,1,20,3
803,c,4.61113,1,0,1,1,19,3
804,c,4.55496,1,0,1,1,19,3
805,c,4.53485,1,0,1,1,19,3
806,c,4.53226,1,0,1,1,19,3
807,c,4.58284,1,0,1,1,19,3
808,c,4.52601,1,0,1,1,19,3
809,c,4.5059,1,0,1,1,19,3
810,c,4.50706,1,0,1,1,19,3
811,c,4.63949,1,0,0,1,17,3
812,c,4.583,1,0,0,1,17,3
813,c,4.56197,1,0,0,1,17,3
814,c,4.56039,1,0,0,1,17,3
815,c,4.60831,1,0,1,1,18,3
816,c,4.55167,1,0,1,1,18,3
817,c,4.53121,1,0,1,1,18,3
818,c,4.52883,1,0,1,1,18,3
819,c,4.91065,2,0,0,0,15,1
820,c,4.88984,2,0,0,0,15,1
821,c,4.87917,2,0,0,0,15,1
822,c,4.88768,2,0,0,0,15,1
823,c,4.84465,1,0,3,0,25,4
824,c,4.82671,1,0,3,0,25,4
825,c,4.81701,1,0,3,0,25,4
826,c,4.82024,1,0,3,0,25,4
827,c,4.93276,2,0,0,0,21,1
828,c,4.91777,2,0,0,0,21,1
829,c,4.91031,2,0,0,0,21,1
830,c,4.91398,2,0,0,0,21,1
831,c,4.74699,1,0,1,0,11,3
832,c,4.74514,1,0,1,0,11,3
833,c,4.7267,1,0,1,0,11,3
834,c,4.71709,1,0,1,0,11,3
835,c,4.73286,1,0,2,0,23,3
836,c,4.70971,1,0,2,0,23,3
837,c,4.6867,1,0,2,0,23,3
838,c,4.68979,1,0,2,0,23,3
839,c,5.00403,1,0,0,0,12,1
840,c,4.97728,1,0,0,0,12,1
841,c,4.96153,1,0,0,0,12,1
842,c,4.96391,1,0,0,0,12,1
843,c,4.78653,1,0,0,0,7,1
844,c,4.7481,1,0,0,0,7,1
845,c,4.72136,1,0,0,0,7,1
846,c,4.72136,1,0,0,0,7,1
847,c,4.61212,1,1,0,0,10,2
848,c,4.58211,1,1,0,0,10,2
849,c,4.56418,1,1,0,0,10,2
850,c,4.56902,1,1,0,0,10,2
851,c,4.59747,1,0,0,1,13,2
852,c,4.56837,1,0,0,1,13,2
853,c,4.55173,1,0,0,1,13,2
854,c,4.5556,1,0,0,1,13,2
855,c,4.60301,1,0,0,1,12,2
856,c,4.57352,1,0,0,1,12,2
857,c,4.55635,1,0,0,1,12,2
858,c,4.56061,1,0,0,1,12,2
859,c,4.5781,1,1,0,0,11,2
860,c,4.54811,1,1,0,0,11,2
861,c,4.53066,1,1,0,0,11,2
862,c,4.53497,1,1,0,0,11,2
863,c,4.59718,1,1,1,0,11,3
864,c,4.56822,1,1,1,0,11,3
865,c,4.55175,1,1,1,0,11,3
866,c,4.55551,1,1,1,0,11,3
867,c,4.56684,1,1,0,0,11,2
868,c,4.53681,1,1,0,0,11,2
869,c,4.51945,1,1,0,0,11,2
870,c,4.52364,1,1,0,0,11,2
871,c,4.51904,1,1,1,0,13,3
872,c,4.49012,1,1,1,0,13,3
873,c,4.47451,1,1,1,0,13,3
874,c,4.47732,1,1,1,0,13,3
875,c,4.68431,1,0,0,1,12,3
876,c,4.65624,1,0,0,1,12,3
877,c,4.63977,1,0,0,1,12,3
878,c,4.64397,1,0,0,1,12,3
879,c,4.59198,1,0,1,1,14,3
880,c,4.56402,1,0,1,1,14,3
881,c,4.54872,1,0,1,1,14,3
882,c,4.55527,1,0,1,1,14,3
883,c,4.63622,1,0,1,1,13,3
884,c,4.60828,1,0,1,1,13,3
885,c,4.59253,1,0,1,1,13,3
886,c,4.596,1,0,1,1,13,3
887,c,4.59712,1,0,1,1,13,3
888,c,4.56881,1,0,1,1,13,3
889,c,4.55305,1,0,1,1,13,3
890,c,4.56002,1,0,1,1,13,3
891,c,4.68925,1,0,0,1,11,3
892,c,4.66081,1,0,0,1,11,3
893,c,4.64382,1,0,0,1,11,3
894,c,4.64841,1,0,0,1,11,3
895,c,4.64102,1,0,1,1,12,3
896,c,4.61272,1,0,1,1,12,3
897,c,4.59649,1,0,1,1,12,3
898,c,4.60031,1,0,1,1,12,3
899,c,4.58546,1,1,0,0,12,2
900,c,4.55837,1,1,0,0,12,2
901,c,4.54401,1,1,0,0,12,2
902,c,4.54636,1,1,0,0,12,2
903,c,4.5709,1,0,0,1,15,2
904,c,4.54455,1,0,0,1,15,2
905,c,4.53103,1,0,0,1,15,2
906,c,4.53283,1,0,0,1,15,2
907,c,4.57186,1,0,0,1,14,2
908,c,4.54515,1,0,0,1,14,2
909,c,4.53128,1,0,0,1,14,2
910,c,4.53329,1,0,0,1,14,2
911,c,4.55883,1,1,0,0,13,2
912,c,4.53182,1,1,0,0,13,2
913,c,4.51778,1,1,0,0,13,2
914,c,4.51983,1,1,0,0,13,2
915,c,4.5773,1,1,1,0,13,3
916,c,4.55112,1,1,1,0,13,3
917,c,4.53771,1,1,1,0,13,3
918,c,4.53947,1,1,1,0,13,3
919,c,4.55,1,1,0,0,13,2
920,c,4.52298,1,1,0,0,13,2
921,c,4.50899,1,1,0,0,13,2
922,c,4.51097,1,1,0,0,13,2
923,c,4.51543,1,1,1,0,15,3
924,c,4.48939,1,1,1,0,15,3
925,c,4.47657,1,1,1,0,15,3
926,c,4.47775,1,1,1,0,15,3
927,c,4.64901,1,0,0,1,14,3
928,c,4.62342,1,0,0,1,14,3
929,c,4.61001,1,0,0,1,14,3
930,c,4.61207,1,0,0,1,14,3
931,c,4.57233,1,0,1,1,16,3
932,c,4.54697,1,0,1,1,16,3
933,c,4.53434,1,0,1,1,16,3
934,c,4.5386,1,0,1,1,16,3
935,c,4.60548,1,0,1,1,15,3
936,c,4.58005,1,0,1,1,15,3
937,c,4.56712,1,0,1,1,15,3
938,c,4.56872,1,0,1,1,15,3
939,c,4.57344,1,0,1,1,15,3
940,c,4.54775,1,0,1,1,15,3
941,c,4.53482,1,0,1,1,15,3
942,c,4.53931,1,0,1,1,15,3
943,c,4.64982,1,0,0,1,13,3
944,c,4.62389,1,0,0,1,13,3
945,c,4.61014,1,0,0,1,13,3
946,c,4.61241,1,0,0,1,13,3
947,c,4.60619,1,0,1,1,14,3
948,c,4.58042,1,0,1,1,14,3
949,c,4.56718,1,0,1,1,14,3
950,c,4.56896,1,0,1,1,14,3
951,c,4.6142,1,1,0,0,12,2
952,c,4.58737,1,1,0,0,12,2
953,c,4.57301,1,1,0,0,12,2
954,c,4.57549,1,1,0,0,12,2
955,c,4.60075,1,0,0,1,15,2
956,c,4.57465,1,0,0,1,15,2
957,c,4.56113,1,0,0,1,15,2
958,c,4.56305,1,0,0,1,15,2
959,c,4.60247,1,0,0,1,14,2
960,c,4.57602,1,0,0,1,14,2
961,c,4.56215,1,0,0,1,14,2
962,c,4.56429,1,0,0,1,14,2
963,c,4.58696,1,1,0,0,13,2
964,c,4.5602,1,1,0,0,13,2
965,c,4.54615,1,1,0,0,13,2
966,c,4.54832,1,1,0,0,13,2
967,c,4.6069,1,1,1,0,13,3
968,c,4.58097,1,1,1,0,13,3
969,c,4.56756,1,1,1,0,13,3
970,c,4.56944,1,1,1,0,13,3
971,c,4.57801,1,1,0,0,13,2
972,c,4.55123,1,1,0,0,13,2
973,c,4.53724,1,1,0,0,13,2
974,c,4.53934,1,1,0,0,13,2
975,c,4.54376,1,1,1,0,15,3
976,c,4.51795,1,1,1,0,15,3
977,c,4.50512,1,1,1,0,15,3
978,c,4.50642,1,1,1,0,15,3
979,c,4.67861,1,0,0,1,14,3
980,c,4.65327,1,0,0,1,14,3
981,c,4.63986,1,0,0,1,14,3
982,c,4.64205,1,0,0,1,14,3
983,c,4.60247,1,0,1,1,16,3
984,c,4.57734,1,0,1,1,16,3
985,c,4.56471,1,0,1,1,16,3
986,c,4.56909,1,0,1,1,16,3
987,c,4.63633,1,0,1,1,15,3
988,c,4.61115,1,0,1,1,15,3
989,c,4.59822,1,0,1,1,15,3
990,c,4.59994,1,0,1,1,15,3
991,c,4.60429,1,0,1,1,15,3
992,c,4.57884,1,0,1,1,15,3
993,c,4.56592,1,0,1,1,15,3
994,c,4.57053,1,0,1,1,15,3
995,c,4.68017,1,0,0,1,13,3
996,c,4.6545,1,0,0,1,13,3
997,c,4.64075,1,0,0,1,13,3
998,c,4.64315,1,0,0,1,13,3
999,c,4.63779,1,0,1,1,14,3
1000,c,4.61228,1,0,1,1,14,3
1001,c,4.59903,1,0,1,1,14,3
1002,c,4.60095,1,0,1,1,14,3
1003,c,4.64356,1,1,0,0,12,2
1004,c,4.58994,1,1,0,0,12,2
1005,c,4.56473,1,1,0,0,12,2
1006,c,4.57034,1,1,0,0,12,2
1007,c,4.62902,1,0,0,1,15,2
1008,c,4.57609,1,0,0,1,15,2
1009,c,4.55228,1,0,0,1,15,2
1010,c,4.55643,1,0,0,1,15,2
1011,c,4.63057,1,0,0,1,14,2
1012,c,4.57722,1,0,0,1,14,2
1013,c,4.55283,1,0,0,1,14,2
1014,c,4.55752,1,0,0,1,14,2
1015,c,4.61697,1,1,0,0,13,2
1016,c,4.56306,1,1,0,0,13,2
1017,c,4.53837,1,1,0,0,13,2
1018,c,4.54315,1,1,0,0,13,2
1019,c,4.63291,1,1,1,0,13,3
1020,c,4.58022,1,1,1,0,13,3
1021,c,4.5566,1,1,1,0,13,3
1022,c,4.56063,1,1,1,0,13,3
1023,c,4.60807,1,1,0,0,13,2
1024,c,4.55402,1,1,0,0,13,2
1025,c,4.52943,1,1,0,0,13,2
1026,c,4.53401,1,1,0,0,13,2
1027,c,4.57164,1,1,1,0,15,3
1028,c,4.51838,1,1,1,0,15,3
1029,c,4.49574,1,1,1,0,15,3
1030,c,4.4982,1,1,1,0,15,3
1031,c,4.69745,1,0,0,1,14,3
1032,c,4.64629,1,0,0,1,14,3
1033,c,4.62267,1,0,0,1,14,3
1034,c,4.62749,1,0,0,1,14,3
1035,c,4.62355,1,0,1,1,16,3
1036,c,4.57176,1,0,1,1,16,3
1037,c,4.54946,1,0,1,1,16,3
1038,c,4.55654,1,0,1,1,16,3
1039,c,4.65935,1,0,1,1,15,3
1040,c,4.60793,1,0,1,1,15,3
1041,c,4.58512,1,0,1,1,15,3
1042,c,4.58875,1,0,1,1,15,3
1043,c,4.62502,1,0,1,1,15,3
1044,c,4.57282,1,0,1,1,15,3
1045,c,4.55001,1,0,1,1,15,3
1046,c,4.55764,1,0,1,1,15,3
1047,c,4.69872,1,0,0,1,13,3
1048,c,4.64717,1,0,0,1,13,3
1049,c,4.62298,1,0,0,1,13,3
1050,c,4.62834,1,0,0,1,13,3
1051,c,4.66057,1,0,1,1,14,3
1052,c,4.60875,1,0,1,1,14,3
